<?xml version="1.0" encoding="UTF-8"?>
<?xml-stylesheet type="text/xsl" href="configuration.xsl"?>
<!--
  Licensed under the Apache License, Version 2.0 (the "License");
  you may not use this file except in compliance with the License.
  You may obtain a copy of the License at

    http://www.apache.org/licenses/LICENSE-2.0

  Unless required by applicable law or agreed to in writing, software
  distributed under the License is distributed on an "AS IS" BASIS,
  WITHOUT WARRANTIES OR CONDITIONS OF ANY KIND, either express or implied.
  See the License for the specific language governing permissions and
  limitations under the License. See accompanying LICENSE file.
-->

<!-- Put site-specific property overrides in this file. -->

<configuration>
    <!-- 把多个NameNode的地址组装成一个集群mycluster -->
    <property>
        <name>fs.defaultFS</name>
        <value>hdfs://cluster-nna</value>
    </property>

    <!-- 指定hadoop数据的存储目录 -->
    <property>
        <name>hadoop.tmp.dir</name>
        <value>/opt/module/hadoop-3.1.3/data</value>
    </property>

    <!-- 配置HDFS网页登录使用的静态用户为atbigdata -->
    <property>
        <name>hadoop.http.staticuser.user</name>
        <value>atbigdata</value>
    </property>

    <!-- 指定zkfc要连接的zkServer地址 -->
    <property>
        <name>ha.zookeeper.quorum</name>
        <value>hadoop128:2181,hadoop129:2181,hadoop130:2181</value>
    </property>

    <!-- NN 连接 JN 重试次数，默认是 重试次数，默认是 10次 -->
    <property>
        <name>ipc.client.connect.max.retries</name>
        <value>20</value>
    </property>

    <!-- 重试时间隔，默认 1s -->
    <property>
        <name>ipc.client.connect.retry.interval</name>
        <value>3000</value>
    </property>

<property>
    <name>hadoop.proxyuser.spark.hosts</name>
    <value>*</value>
</property>
<property>
    <name>hadoop.proxyuser.spark.groups</name>
    <value>*</value>
</property>
<property>
    <name>hadoop.proxyuser.atbigdata.hosts</name>
    <value>*</value>
</property>
<property>
    <name>hadoop.proxyuser.atbigdata.groups</name>
    <value>*</value>
</property>

<property>
	<name>hadoop.http.filter.initializers</name>
	<value>org.apache.hadoop.security.AuthenticationFilterInitializer</value>
</property>
<property>
	<name>hadoop.http.authentication.simple.anonymous.allowed</name>
	<value>false</value>
</property>
<property>
	<name>hadoop.http.authentication.cookie.domain</name>
	<value></value>
</property>

<property>
    <name>hadoop.http.authentication.type</name>
    <value>com.yhsoft.hadoop.security.BasicAuthenticationHandler</value>
</property>
<property>
    <name>hadoop.http.authentication.basic.credential</name>
    <value>webadmin : KY@terc29MSD</value>
</property>

</configuration>
