<?xml version="1.0" encoding="UTF-8"?>
<?xml-stylesheet type="text/xsl" href="configuration.xsl"?>
<!--
  Licensed under the Apache License, Version 2.0 (the "License");
  you may not use this file except in compliance with the License.
  You may obtain a copy of the License at

    http://www.apache.org/licenses/LICENSE-2.0

  Unless required by applicable law or agreed to in writing, software
  distributed under the License is distributed on an "AS IS" BASIS,
  WITHOUT WARRANTIES OR CONDITIONS OF ANY KIND, either express or implied.
  See the License for the specific language governing permissions and
  limitations under the License. See accompanying LICENSE file.
-->

<!-- Put site-specific property overrides in this file. -->

<configuration>
    <!-- NameNode数据存储目录 -->
    <property>
        <name>dfs.namenode.name.dir</name>
        <value>/data/dfs/name</value>
    </property>

    <!-- DataNode数据存储目录 -->
    <property>
        <name>dfs.datanode.data.dir</name>
        <value>/data1/dfs/data,/data2/dfs/data,/data3/dfs/data,/data4/dfs/data,/data5/dfs/data,/data6/dfs/data,/data7/dfs/data,/data8/dfs/data,/data9/dfs/data,/data10/dfs/data,/data11/dfs/data,/data12/dfs/data,/data13/dfs/data,/data14/dfs/data,/data15/dfs/data,/data16/dfs/data,/data17/dfs/data,/data18/dfs/data,/data19/dfs/data,/data20/dfs/data,/data21/dfs/data,/data22/dfs/data</value>
    </property>
    
    <!-- JournalNode数据存储目录 -->
    <property>
        <name>dfs.journalnode.edits.dir</name>
        <value>${hadoop.tmp.dir}/jn</value>
    </property>

    <!-- 完全分布式集群名称 -->
    <property>
        <name>dfs.nameservices</name>
        <value>cluster-nna</value>
    </property>

    <!-- 集群中NameNode节点都有哪些 -->
    <property>
        <name>dfs.ha.namenodes.cluster-nna</name>
        <value>nn128,nn129</value>
    </property>

    <!-- NameNode的RPC通信地址 -->
    <property>
        <name>dfs.namenode.rpc-address.cluster-nna.nn128</name>
        <value>hadoop128:8020</value>
    </property>
    <property>
        <name>dfs.namenode.rpc-address.cluster-nna.nn129</name>
        <value>hadoop129:8020</value>
    </property>

    <!-- NameNode的http通信地址 -->
    <property>
        <name>dfs.namenode.http-address.cluster-nna.nn128</name>
        <value>hadoop128:9870</value>
    </property>
    <property>
        <name>dfs.namenode.http-address.cluster-nna.nn129</name>
        <value>hadoop129:9870</value>
    </property>

    <!-- 指定NameNode元数据在JournalNode上的存放位置 -->
    <property>
        <name>dfs.namenode.shared.edits.dir</name>
        <value>qjournal://hadoop128:8485;hadoop129:8485;hadoop130:8485/cluster-nna</value>
    </property>

    <!-- 访问代理类：client用于确定哪个NameNode为Active -->
    <property>
        <name>dfs.client.failover.proxy.provider.cluster-nna</name>
        <value>org.apache.hadoop.hdfs.server.namenode.ha.ConfiguredFailoverProxyProvider</value>
    </property>

    <!-- 配置隔离机制，即同一时刻只能有一台服务器对外响应 -->
    <property>
        <name>dfs.ha.fencing.methods</name>
        <value>sshfence</value>
    </property>

    <!-- 使用隔离机制时需要ssh秘钥登录-->
    <property>
        <name>dfs.ha.fencing.ssh.private-key-files</name>
        <value>/home/atbigdata/.ssh/id_rsa</value>
    </property>

    <!-- 启用nn故障自动转移 -->
    <property>
        <name>dfs.ha.automatic-failover.enabled</name>
        <value>true</value>
    </property>
</configuration>
