<?xml version="1.0"?>
<!--
  Licensed under the Apache License, Version 2.0 (the "License");
  you may not use this file except in compliance with the License.
  You may obtain a copy of the License at

    http://www.apache.org/licenses/LICENSE-2.0

  Unless required by applicable law or agreed to in writing, software
  distributed under the License is distributed on an "AS IS" BASIS,
  WITHOUT WARRANTIES OR CONDITIONS OF ANY KIND, either express or implied.
  See the License for the specific language governing permissions and
  limitations under the License. See accompanying LICENSE file.
-->
<configuration>

<!-- Site specific YARN configuration properties -->
    <property>
        <name>yarn.nodemanager.aux-services</name>
        <value>mapreduce_shuffle</value>
    </property>

    <!-- 启用resourcemanager ha -->
    <property>
        <name>yarn.resourcemanager.ha.enabled</name>
        <value>true</value>
    </property>

    <!-- 声明两台resourcemanager的地址 -->
    <property>
        <name>yarn.resourcemanager.cluster-id</name>
        <value>cluster-yarn1</value>
    </property>

    <!--指定resourcemanager的逻辑列表-->
    <property>
        <name>yarn.resourcemanager.ha.rm-ids</name>
        <value>rm128,rm129</value>
    </property>

    <!-- ========== rm128的配置 ========== -->
    <!-- 指定rm128的主机名 -->
    <property>
        <name>yarn.resourcemanager.hostname.rm128</name>
        <value>hadoop128</value>
    </property>

    <!-- 指定rm128的web端地址 -->
    <property>
    <name>yarn.resourcemanager.webapp.address.rm128</name>
    <value>hadoop128:8088</value>
    </property>

    <!-- 指定rm128的内部通信地址 -->
    <property>
    <name>yarn.resourcemanager.address.rm128</name>
    <value>hadoop128:8032</value>
    </property>

    <!-- 指定AM向rm128申请资源的地址 -->
    <property>
        <name>yarn.resourcemanager.scheduler.address.rm128</name>  
        <value>hadoop128:8030</value>
    </property>

    <!-- 指定供NM连接的地址 -->  
    <property>
        <name>yarn.resourcemanager.resource-tracker.address.rm128</name>
        <value>hadoop128:8031</value>
    </property>

    <!-- ========== rm129的配置 ========== -->
    <property>
        <name>yarn.resourcemanager.hostname.rm129</name>
        <value>hadoop129</value>
    </property>
    <property>
        <name>yarn.resourcemanager.webapp.address.rm129</name>
        <value>hadoop129:8088</value>
    </property>
    <property>
        <name>yarn.resourcemanager.address.rm129</name>
        <value>hadoop129:8032</value>
    </property>
    <property>
        <name>yarn.resourcemanager.scheduler.address.rm129</name>
        <value>hadoop129:8030</value>
    </property>
    <property>
        <name>yarn.resourcemanager.resource-tracker.address.rm129</name>
        <value>hadoop129:8031</value>
    </property>

    <!-- 指定zookeeper集群的地址 --> 
    <property>
        <name>yarn.resourcemanager.zk-address</name>
        <value>hadoop128:2181,hadoop129:2181,hadoop130:2181</value>
    </property>

    <!-- 启用自动恢复 --> 
    <property>
        <name>yarn.resourcemanager.recovery.enabled</name>
        <value>true</value>
    </property>

    <!-- 指定resourcemanager的状态信息存储在zookeeper集群 --> 
    <property>
        <name>yarn.resourcemanager.store.class</name>
        <value>org.apache.hadoop.yarn.server.resourcemanager.recovery.ZKRMStateStore</value>
    </property>

    <!-- 开启日志聚集功能 -->
    <property>
        <name>yarn.log-aggregation-enable</name>
        <value>true</value>
    </property>
    <!-- 设置日志聚集服务器地址 -->
    <property>  
    	<name>yarn.log.server.url</name>  
    	<value>http://hadoop128:19888/jobhistory/logs</value>
    </property>
    <!-- 设置日志保留时间为7天 -->
    <property>
    	<name>yarn.log-aggregation.retain-seconds</name>
    	<value>604800</value>
    </property>

    <!-- 环境变量的继承 -->
    <property>
        <name>yarn.nodemanager.env-whitelist</name>
        <value>JAVA_HOME,HADOOP_COMMON_HOME,HADOOP_HDFS_HOME,HADOOP_CONF_DIR,CLASSPATH_PREPEND_DISTCACHE,HADOOP_YARN_HOME,HADOOP_MAPRED_HOME</value>
    </property>

<property>
     <name>yarn.scheduler.maximum-allocation-vcores</name>
     <value>8</value>
</property>


<property>
    <name>yarn.nodemanager.resource.memory-mb</name>
    <value>98304</value>
</property>
<property>
    <name>yarn.scheduler.minimum-allocation-mb</name>
    <value>8192</value>
</property>
<property>
    <name>yarn.scheduler.maximum-allocation-mb</name>
    <value>32768</value>
</property>
<property>
    <name>yarn.nodemanager.resource.cpu-vcores</name>
    <value>32</value>
</property>
<property>
    <name>yarn.nodemanager.pmem-check-enabled</name>
    <value>false</value>
</property>
<property>
    <name>yarn.nodemanager.vmem-check-enabled</name>
    <value>false</value>
</property>
<property>
     <name>yarn.nodemanager.vmem-pmem-ratio</name>
     <value>2</value>
</property>
</configuration>
	
