<?xml version="1.0" encoding="UTF-8" standalone="no"?>
<?xml-stylesheet type="text/xsl" href="configuration.xsl"?>
<configuration>
    <!-- jdbc 连接的 URL -->
    <property>
        <name>javax.jdo.option.ConnectionURL</name>
        <value>jdbc:mysql://100.20.48.36:3306/metastore?useSSL=false&amp;serverTimezone=Asia/Shanghai&amp;useUnicode=true&amp;characterEncoding=utf8</value>
    </property>
    <!-- jdbc 连接的 Driver-->
    <property>
        <name>javax.jdo.option.ConnectionDriverName</name>
        <value>com.mysql.cj.jdbc.Driver</value>
    </property>
    <!-- jdbc 连接的 username-->
    <property>
        <name>javax.jdo.option.ConnectionUserName</name>
        <value>hive</value>
    </property>
    <!-- jdbc 连接的 password -->
    <property>
        <name>javax.jdo.option.ConnectionPassword</name>
        <value>Hive!123456</value>
    </property>
    <!-- Hive 元数据存储版本的验证 -->
    <property>
        <name>hive.metastore.schema.verification</name>
        <value>false</value>
    </property>
    <!--元数据存储授权-->
    <property>
        <name>hive.metastore.event.db.notification.api.auth</name>
        <value>false</value>
    </property>
    <!-- Hive 默认在 HDFS 的工作目录 -->
    <property>
        <name>hive.metastore.warehouse.dir</name>
        <value>/user/hive/warehouse</value>
    </property>

    <property>
        <name>hive.exec.dynamic.partition</name>
        <value>true</value>
    </property>
    <property>
        <name>hive.exec.dynamic.partition.mode</name>
        <value>nonstrict</value>
    </property>

</configuration>
